ID,Category,Setting,RecommendedValue,Audit,Remediation
1.1.1,Account Policies,Enforce password history,24 or more password(s),No audit,No rem
1.1.2,Account Policies,Maximum password age,"365 or fewer days, but not 0",No audit,No rem
1.1.3,Account Policies,Minimum password age,1 or more day(s),No audit,No rem
1.1.4,Account Policies,Minimum password length,14 or more character(s),No audit,No rem
1.1.5,Account Policies,Password must meet complexity requirements,1,No audit,No rem
1.1.6,Account Policies,Store passwords using reversible encryption,0,No audit,No rem
1.2.1,Account Policies,Account lockout duration,15 or more minute(s),No audit,No rem
1.2.2,Account Policies,Account lockout threshold,"5 or fewer invalid logon attempt(s), but not 0",No audit,No rem
1.2.3,Account Policies,Allow Administrator account lockout,1,Audit: Navigate to the UI Path articulated in the Remediation section and confirm it is set as prescribed.,"Remediation:  
 
Enabled : 
Computer Configuration \Policies \Windows Settings \Security Settings \Account 
Policies \Account Lockout Policies \Allow Administrator account lockout  "
1.2.4,Account Policies,Reset account lockout counter after,15 or more minute(s),No audit,No rem
2.2.1,User Rights Assignments,Access Credential Manager as a trusted caller,No One,Audit: Navigate to the UI Path articulated in the Remediation section and confirm it is set as prescribed.,"Remediation:  
 No One : 
Computer Configuration \Policies \Windows Settings \Security Settings \Local 
Policies \User Rights Assignment \Access Credential Manager as a trusted caller  "
2.2.2,User Rights Assignments,Access this computer from the network,"Administrators, Authenticated Users, ENTERPRISE DOMAIN CONTROLLERS",No audit,No rem
2.2.3,User Rights Assignments,Access this computer from the network,"Administrators, Authenticated Users",No audit,No rem
2.2.4,User Rights Assignments,Act as part of the operating system,No One,Audit: Navigate to the UI Path articulated in the Remediation section and confirm it is set as prescribed.,"Remediation:  
 No One : 
Computer Configuration \Policies \Windows Settings \Security Settings \Local 
Policies \User Rights Assignment \Act as part of the operating system  "
2.2.5,User Rights Assignments,Add workstations to domain,Administrators,No audit,No rem
2.2.6,User Rights Assignments,Adjust memory quotas for a process,"Administrators, LOCAL SERVICE, NETWORK SERVICE",No audit,No rem
2.2.7,User Rights Assignments,Allow log on locally,Administrators,Audit: Navigate to the UI Path articulated in the Remediation section and confirm it is set as prescribed.,No rem
2.2.8,User Rights Assignments,Allow log on through Remote Desktop Services,Administrators,No audit,No rem
2.2.9,User Rights Assignments,Allow log on through Remote Desktop Services,"Administrators, Remote Desktop Users",No audit,No rem
2.2.10,User Rights Assignments,Back up files and directories,Administrators,Audit: Navigate to the UI Path articulated in the Remediation section and confirm it is set as prescribed.,No rem
2.2.11,User Rights Assignments,Change the system time,"Administrators, LOCAL SERVICE",No audit,No rem
2.2.12,User Rights Assignments,Change the time zone,"Administrators, LOCAL SERVICE",Audit: Navigate to the UI Path articulated in the Remediation section and confirm it is set as prescribed.,"Remediation:  
 
Administrators, LOCAL SERVICE : 
Computer Configuration \Policies \Windows Settings \Security Settings \Local 
Policies \User Rights Assignment \Change the time zone  "
2.2.13,User Rights Assignments,Create a pagefile,Administrators,Audit: Navigate to the UI Path articulated in the Remediation section and confirm it is set as prescribed.,"Remediation:  
 
Administrators : 
Computer Configuration \Policies \Windows Settings \Security Settings \Local 
Policies \User Rights Assignment \Create a pagefile  "
2.2.14,User Rights Assignments,Create a token object,No One,Audit: Navigate to the UI Path articulated in the Remediation section and confirm it is set as prescribed.,"Remediation:  
 No One : 
Computer Configuration \Policies \Windows Settings \Security Settings \Local 
Policies \User Rights Assignment \Create a token object  "
2.2.15,User Rights Assignments,Create global objects,"Administrators, LOCAL SERVICE, NETWORK SERVICE, SERVICE",No audit,No rem
2.2.16,User Rights Assignments,Create permanent shared objects,No One,Audit: Navigate to the UI Path articulated in the Remediation section and confirm it is set as prescribed.,"Remediation:  
 No One : 
Computer Configuration \Policies \Windows Settings \Security Settings \Local 
Policies \User Rights Assignment \Create permanent shared objects  "
2.2.17,User Rights Assignments,Create symbolic links,Administrators,No audit,No rem
2.2.18,User Rights Assignments,Create symbolic links,"Administrators, NT VIRTUAL MACHINE \Virtual Machines",No audit,No rem
2.2.19,User Rights Assignments,Debug programs,Administrators,No audit,No rem
Not found,Blank,Not found,Not found,Audit: Navigate to the UI Path articulated in the Remediation section and confirm it is set as prescribed.,"Remediation:  
To establish the recommended configuration via GP, configure the following UI path:  
Computer Configuration \Policies \Windows Settings \Security Settings \Local 
Policies \User Rights Assignment \Deny access to this computer from the network  "
Not found,Blank,Not found,Not found,No audit,No rem
Not found,Blank,Not found,Not found,Audit: Navigate to the UI Path articulated in the Remediation section and confirm it is set as prescribed.,"Remediation:  
 include 
Guests : 
Computer Configuration \Policies \Windows Settings \Security Settings \Local 
Policies \User Rights Assignment \Deny log on as a service  "
Not found,Blank,Not found,Not found,Audit: Navigate to the UI Path articulated in the Remediation section and confirm it is set as prescribed.,"Remediation:  
 include 
Guests : 
Computer Configuration \Policies \Windows Settings \Security Settings \Local 
Policies \User Rights Assignment \Deny log on locally  "
Not found,Blank,Not found,Not found,Audit: Navigate to the UI Path articulated in the Remediation section and confirm it is set as prescribed.,"Remediation:  
To establish the recommended configuration via GP, configure the following UI path:  
Computer Configuration \Policies \Windows Settings \Security Settings \Local 
Policies \User Rights Assignment \Deny log on through Remote Desktop Services  "
2.2.25,User Rights Assignments,Enable computer and user accounts to be trusted for delegation,Administrators,Audit: Navigate to the UI Path articulated in the Remediation section and confirm it is set as prescribed.,"Remediation:  
To establish the recommended configuration via GP, configure the following UI path:  
Computer Configuration \Policies \Windows Settings \Security Settings \Local 
Policies \User Rights Assignment \Enable computer and user accounts to be 
trusted for delegation  "
2.2.26,User Rights Assignments,Enable computer and user accounts to be trusted for delegation,No One,Audit: Navigate to the UI Path articulated in the Remediation section and confirm it is set as prescribed.,"Remediation:  
To establish the recommended configuration via GP, configure the following UI path:  
Computer Configuration \Policies \Windows Settings \Security Settings \Local 
Policies \User Rights Assignment \Enable computer and user accounts to be 
trusted for delegation  "
2.2.27,User Rights Assignments,Force shutdown from a remote system,Administrators,Audit: Navigate to the UI Path articulated in the Remediation section and confirm it is set as prescribed.,"Remediation:  
 
Administrators : 
Computer Configuration \Policies \Windows Settings \Security Settings \Local 
Policies \User Rights Assignment \Force shutdown from a remote system  "
2.2.28,User Rights Assignments,Generate security audits,"LOCAL SERVICE, NETWORK SERVICE",No audit,No rem
2.2.29,User Rights Assignments,Impersonate a client after authentication,"Administrators, LOCAL SERVICE, NETWORK SERVICE, SERVICE",No audit,No rem
2.2.30,User Rights Assignments,Impersonate a client after authentication,"Administrators, LOCAL SERVICE, NETWORK SERVICE, SERVICE",No audit,No rem
2.2.31,User Rights Assignments,Increase scheduling priority,"Administrators, Window Manager \Window Manager Group",Audit: Navigate to the UI Path articulated in the Remediation section and confirm it is set as prescribed.,"Remediation:  
 
Administrators, Window Manager \Window Manager Group : 
Computer Configuration \Policies \Windows Settings \Security Settings \Local 
Policies \User Rights Assignment \Increase scheduling priority  "
2.2.32,User Rights Assignments,Load and unload device drivers,Administrators,Audit: Navigate to the UI Path articulated in the Remediation section and confirm it is set as prescribed.,No rem
2.2.33,User Rights Assignments,Lock pages in memory,No One,Audit: Navigate to the UI Path articulated in the Remediation section and confirm it is set as prescribed.,"Remediation:  
 No One : 
Computer Configuration \Policies \Windows Settings \Security Settings \Local 
Policies \User Rights Assignment \Lock pages in memory  "
2.2.35,User Rights Assignments,Manage auditing and security log,Administrators,Audit: Navigate to the UI Path articulated in the Remediation section and confirm it is set as prescribed.,"Remediation:  
To establish the recommended configuration via GP, configure the following UI path:  
Computer Configuration \Policies \Windows Settings \Security Settings \Local 
Policies \User Rights Assignment \Manage auditing and security log  "
2.2.36,User Rights Assignments,Manage auditing and security log,Administrators,Audit: Navigate to the UI Path articulated in the Remediation section and confirm it is set as prescribed.,"Remediation:  
To establish the recommended configuration via GP, configure the following UI path:  
Computer Configuration \Policies \Windows Settings \Security Settings \Local 
Policies \User Rights Assignment \Manage auditing and security log  "
2.2.37,User Rights Assignments,Modify an object label,No One,Audit: Navigate to the UI Path articulated in the Remediation section and confirm it is set as prescribed.,"Remediation:  
 No One : 
Computer Configuration \Policies \Windows Settings \Security Settings \Local 
Policies \User Rights Assignment \Modify an object label  "
2.2.38,User Rights Assignments,Modify firmware environment values,Administrators,Audit: Navigate to the UI Path articulated in the Remediation section and confirm it is set as prescribed.,"Remediation:  
 
Administrators : 
Computer Configuration \Policies \Windows Settings \Security Settings \Local 
Policies \User Rights Assignment \Modify firmware environment values  "
2.2.39,User Rights Assignments,Perform volume maintenance tasks,Administrators,Audit: Navigate to the UI Path articulated in the Remediation section and confirm it is set as prescribed.,"Remediation:  
 
Administrators : 
Computer Configuration \Policies \Windows Settings \Security Settings \Local 
Policies \User Rights Assignment \Perform volume maintenance tasks  "
2.2.40,User Rights Assignments,Profile single process,Administrators,Audit: Navigate to the UI Path articulated in the Remediation section and confirm it is set as prescribed.,"Remediation:  
 
Administrators : 
Computer Configuration \Policies \Windows Settings \Security Settings \Local 
Policies \User Rights Assignment \Profile single process  "
2.2.41,User Rights Assignments,Profile system performance,"Administrators, NT SERVICE \WdiServiceHost",Audit: Navigate to the UI Path articulated in the Remediation section and confirm it is set as prescribed.,"Remediation:  
 
Administrators, NT SERVICE \WdiServiceHost : 
Computer Configuration \Policies \Windows Settings \Security Settings \Local 
Policies \User Rights Assignment \Profile system performance  "
2.2.42,User Rights Assignments,Replace a process level token,"LOCAL SERVICE, NETWORK SERVICE",No audit,No rem
2.2.43,User Rights Assignments,Restore files and directories,Administrators,No audit,No rem
2.2.44,User Rights Assignments,Shut down the system,Administrators,No audit,No rem
2.2.45,User Rights Assignments,Synchronize directory service data,No One,Audit: Navigate to the UI Path articulated in the Remediation section and confirm it is set as prescribed.,"Remediation:  
 No One : 
Computer Configuration \Policies \Windows Settings \Security Settings \Local 
Policies \User Rights Assignment \Synchronize directory service data  "
2.2.46,User Rights Assignments,Take ownership of files or other objects,Administrators,Audit: Navigate to the UI Path articulated in the Remediation section and confirm it is set as prescribed.,"Remediation:  
 
Administrators : 
Computer Configuration \Policies \Windows Settings \Security Settings \Local 
Policies \User Rights Assignment \Take ownership of files or other objects  "
2.3.1.1,Security Options,Accounts: Block Microsoft accounts,Users can,Audit: Navigate to the UI Path articulated in the Remediation section and confirm it is set as prescribed. This group policy setting is backed by the following registry location: HKEY_LOCAL_MACHINE \SOFTWARE \Microsoft \Windows\CurrentVersion \Policies \System: NoConnectedUser,"Remediation:  
 Users 
can't add or log on with Microsoft accounts : 
Computer Configuration \Policies \Windows Settings \Security Settings \Local 
Policies \Security Options \Accounts: Block Microsoft accounts  "
2.3.1.2,Security Options,Accounts: Guest account status,0,No audit,No rem
2.3.1.3,Security Options,Accounts: Limit local account use of blank passwords to console logon only,1,No audit,No rem
Not found,Blank,Not found,Not found,No audit,No rem
Not found,Blank,Not found,Not found,Audit: Navigate to the UI Path articulated in the Remediation section and confirm it is set as prescribed.,"Remediation:  
To establish the recommended configuration via GP, configure the following UI path:  
Computer Configuration \Policies \Windows Settings \Security Settings \Local 
Policies \Security Options \Accounts: Rename guest account  "
2.3.2.1,Security Options,Audit: Force audit policy subcategory settings (Windows Vista or later) to override audit policy category settings,1,No audit,No rem
2.3.2.2,Security Options,Audit: Shut down system immediately if unable to log security audits,0,No audit,No rem
2.3.4.1,Security Options,Devices: Prevent users from installing printer drivers,1,No audit,No rem
2.3.7.1,Security Options,Interactive logon: Do not require CTRL+ALT+DEL,0,No audit,No rem
Not found,Blank,Not found,Not found,Audit: Navigate to the UI Path articulated in the Remediation section and confirm it is set as prescribed. This group policy setting is backed by the following registry location: HKEY_LOCAL_MACHINE \SOFTWARE \Microsoft \Windows\CurrentVersion \Policies \System: DontDisplayLastUserName,No rem
2.3.7.3,Security Options,Interactive logon: Machine inactivity limit,"900 or fewer second(s), but not 0",Audit: Navigate to the UI Path articulated in the Remediation section and confirm it is set as prescribed. This group policy setting is backed by the following registry location: HKEY_LOCAL_MACHINE \SOFTWARE \Microsoft \Windows\CurrentVersion \Policies \System: InactivityTimeoutSecs,"Remediation:  
 900 or 
fewer seconds, but not 0 : 
Computer Configuration \Policies \Windows Settings \Security Settings \Local 
Policies \Security Options \Interactive logon: Machine inactivity limit  "
Not found,Blank,Not found,Not found,No audit,No rem
Not found,Blank,Not found,Not found,Audit: Navigate to the UI Path articulated in the Remediation section and confirm it is set as prescribed. This group policy setting is backed by the following registry location: HKEY_LOCAL_MACHINE \SOFTWARE \Microsoft \Windows\CurrentVersion \Policies \System: LegalNoticeCaption,"Remediation:  
To establish the recommended configuration via GP, configure the following UI path to a 
value that is consistent with the security and operational requirements of your 
organization:  
Computer Configuration \Policies \Windows Settings \Security Settings \Local 
Policies \Security Options \Interactive logon: Message title for users 
attempting to log on  "
2.3.7.6,Security Options,Interactive logon: Prompt user to change password before expiration,between 5 and 14 days,No audit,No rem
2.3.7.7,Security Options,Interactive logon: Require Domain Controller Authentication to unlock workstation,1,No audit,No rem
2.3.7.8,Security Options,Interactive logon: Smart card removal behavior,Lock Workstation,No audit,No rem
2.3.8.1,Security Options,Microsoft network client: Digitally sign communications (always),1,No audit,No rem
2.3.8.2,Security Options,Microsoft network client: Digitally sign communications (if server agrees),1,No audit,No rem
2.3.8.3,Security Options,Microsoft network client: Send unencrypted password to third -party SMB servers,0,No audit,No rem
2.3.9.1,Security Options,Microsoft network server: Amount of idle time required before suspending session,15 or fewer minute(s),No audit,No rem
2.3.9.2,Security Options,Microsoft network server: Digitally sign communications (always),1,No audit,No rem
2.3.9.3,Security Options,Microsoft network server: Digitally sign communications (if client agrees),1,No audit,No rem
2.3.9.4,Security Options,Microsoft network server: Disconnect clients when logon hours expire,1,No audit,No rem
2.3.9.5,Security Options,Microsoft network server: Server SPN target name validation level,Accept if provided by client,No audit,No rem
2.3.10.1,Security Options,Network access: Allow anonymous SID/Name translation,0,Audit: Navigate to the UI Path articulated in the Remediation section and confirm it is set as prescribed. This group policy setting is backed by the following registry location: HKEY_LOCAL_MACHINE \System\CurrentControlSet \Control\Lsa:TurnOffAnonymousBlock,"Remediation:  
 
Disabled : 
Computer Configuration \Policies \Windows Settings \Security Settings \Local 
Policies \Security Options \Network access: Allow anonymous SID/Name 
translation  "
2.3.10.2,Security Options,Network access: Do not allow anonymous enumeration of SAM accounts,1,No audit,No rem
2.3.10.3,Security Options,Network access: Do not allow anonymous enumeration of SAM accounts and shares,1,No audit,No rem
2.3.10.5,Security Options,Network access: Let Everyone permissions apply to anonymous users,0,Audit: Navigate to the UI Path articulated in the Remediation section and confirm it is set as prescribed. This group policy setting is backed by the following registry location: HKEY_LOCAL_MACHINE \SYSTEM\CurrentControlSet \Control\Lsa:EveryoneIncludesAnony mous,"Remediation:  
 
Disabled : 
Computer Configuration \Policies \Windows Settings \Security Settings \Local 
Policies \Security Options \Network access: Let Everyone permissions apply to 
anonymous users  "
Not found,Blank,Not found,Not found,No audit,No rem
Not found,Blank,Not found,Not found,No audit,No rem
Not found,Blank,Not found,Not found,No audit,No rem
Not found,Blank,Not found,Not found,No audit,No rem
2.3.10.10,Security Options,Network access: Restrict anonymous access to Named Pipes and Shares,1,No audit,No rem
2.3.10.11,Security Options,Network access: Restrict clients allowed to make remote calls to SAM,Administrators: Remote Access: Allow,No audit,No rem
2.3.10.12,Security Options,Network access: Shares that can be accessed anonymously,None,Audit: Navigate to the UI Path articulated in the Remediation section and confirm it is set as prescribed. This group policy setting is backed by the following registry location: HKEY_LOCAL_MACHINE \SYSTEM\CurrentControlSet \Services \LanManServer \Parameters: NullSessionShares,"Remediation:  
 
<blank>  (i.e. None):  
Computer Configuration \Policies \Windows Settings \Security Settings \Local 
Policies \Security Options \Network access: Shares that can be accessed 
anonymously  "
2.3.10.13,Security Options,Network access: Sharing and security model for local accounts,Classic - local users authenticate as themselves,No audit,No rem
2.3.11.1,Security Options,Network security: Allow Local System to use computer identity for NTLM,1,No audit,No rem
2.3.11.2,Security Options,Network security: Allow LocalSystem NULL session fallback,0,Audit: Navigate to the UI Path articulated in the Remediation section and confirm it is set as prescribed. This group policy setting is backed by the following registry location: HKEY_LOCAL_MACHINE \SYSTEM\CurrentControlSet \Control\Lsa\MSV1_0:AllowNullSessi onFallback,"Remediation:  
 
Disabled : 
Computer Configuration \Policies \Windows Settings \Security Settings \Local 
Policies \Security Options \Network security: Allow LocalSystem NULL session 
fallback  "
2.3.11.3,Security Options,Network Security: Allow PKU2U authentication requests to this computer to use online identities,0,No audit,No rem
2.3.11.4,Security Options,Network security: Configure encryption types allowed for Kerberos,"AES128_HMAC_SHA1, AES256_HMAC_SHA1, Future encryption types",No audit,No rem
2.3.11.5,Security Options,Network security: Do not store LAN Manager hash value on next password change,1,No audit,No rem
2.3.11.6,Security Options,Network security: Force logoff when logon hours expire,1,Audit: Navigate to the UI Path articulated in the Remediation section and confirm it is set as prescribed.,"Remediation:  
 
Enabled . 
Computer Configuration \Policies \Windows Settings \Security Settings \Local 
Policies \Security Options \Network security: Force logoff when logon hours 
expire "
2.3.11.7,Security Options,Network security: LAN Manager authentication level,Send NTLMv2 response only. Refuse LM & NTLM,No audit,No rem
2.3.11.8,Security Options,Network security: LDAP client signing requirements,Negotiate signing,No audit,No rem
2.3.11.9,Security Options,Network security: Minimum session security for NTLM SSP based (including secure RPC) clients,"Require NTLMv2 session security, Require 128 -bit encryption",No audit,No rem
2.3.11.10,Security Options,Network security: Minimum session security for NTLM SSP based (including secure RPC) servers,"Require NTLMv2 session security, Require 128 -bit encryption",No audit,No rem
2.3.11.11,Security Options,Network security: Restrict NTLM: Audit Incoming NTLM Traffic,Enable auditing for all accounts,Audit: Navigate to the UI Path articulated in the Remediation section and confirm it is set as prescribed. This group policy setting is backed by the following registry location: HKEY_LOCAL_MACHINE \SYSTEM\CurrentControlSet \Control\Lsa\MSV1_0:AuditReceiving NTLMTraffic,"Remediation:  
 Enable 
auditing for all accounts : 
Computer Configuration \Policies \Windows Settings \Security Settings \Local 
Policies \Security Options \Network security: Restrict NTLM: Audit Incoming 
NTLM Traffic  "
2.3.13.1,Security Options,Shutdown: Allow system to be shut down without having to log on,0,No audit,No rem
2.3.15.1,Security Options,System objects: Require case insensitivity for non -Windows subsystems,1,No audit,No rem
2.3.15.2,Security Options,System objects: Strengthen default permissions of internal system objects (e.g. Symbolic Links),1,No audit,No rem
2.3.17.1,Security Options,User Account Control: Admin Approval Mode for the Built -in Administrator account,1,No audit,No rem
2.3.17.2,Security Options,User Account Control: Behavior of the elevation prompt for administrators in Admin Approval Mode,Prompt for consent on the secure desktop,No audit,No rem
2.3.17.3,Security Options,User Account Control: Behavior of the elevation prompt for standard users,Automatically deny elevation requests,No audit,No rem
2.3.17.4,Security Options,User Account Control: Detect application installations and prompt for elevation,1,No audit,No rem
2.3.17.5,Security Options,User Account Control: Only elevate UIAccess applications that are installed in secure locations,1,No audit,No rem
2.3.17.6,Security Options,User Account Control: Run all administrators in Admin Approval Mode,1,No audit,No rem
2.3.17.7,Security Options,User Account Control: Switch to the secure desktop when prompting for elevation,1,Audit: Navigate to the UI Path articulated in the Remediation section and confirm it is set as prescribed. This group policy setting is backed by the following registry location: HKEY_LOCAL_MACHINE \SOFTWARE \Microsoft \Windows\CurrentVersion \Policies \System: PromptOnSecureDesktop,"Remediation:  
 
Enabled : 
Computer Configuration \Policies \Windows Settings \Security Settings \Local 
Policies \Security Options \User Account Control: Switch to the secure desktop 
when prompting for elevation  "
2.3.17.8,Security Options,User Account Control: Virtualize file and registry write failures to per -user locations,1,No audit,No rem
5.1,System Services,Print Spooler (Spooler),0,Audit: Navigate to the UI Path articulated in the Remediation section and confirm it is set as prescribed. This group policy setting is backed by the following registry location: HKEY_LOCAL_MACHINE \SYSTEM\CurrentControlSet \Services \Spooler:Start,"Remediation:  
: 
Disabled : 
Computer Configuration \Policies \Windows Settings \Security Settings \System 
Services \Print Spooler  "
9.2.1,Windows Firewall,Windows Firewall: Private: Firewall state,On (recommended),Audit: Navigate to the UI Path articulated in the Remediation section and confirm it is set as prescribed. This group policy setting is backed by the following registry location: HKEY_LOCAL_MACHINE \SOFTWARE \Policies \Microsoft \WindowsFirewall \PrivateProfile :EnableFirewall,"Remediation:  
 On 
(recommended) : 
Computer Configuration \Policies \Windows Settings \Security Settings \Windows 
Defender Firewall with Advanced Security \Windows Defender Firewall with 
Advanced Security \Windows Firewall Properties \Private Profile \Firewall state  "
9.2.2,Windows Firewall,Windows Firewall: Private: Inbound connections,Block (default),Audit: Navigate to the UI Path articulated in the Remediation section and confirm it is set as prescribed. This group policy setting is backed by the following registry location: HKEY_LOCAL_MACHINE \SOFTWARE \Policies \Microsoft \WindowsFirewall \PrivateProfile :DefaultInboundAction,"Remediation:  
 Block 
(default) : 
Computer Configuration \Policies \Windows Settings \Security Settings \Windows 
Defender Firewall with Advanced Security \Windows Defender Firewall with 
Advanced Security \Windows Firewall Properties \Private Profile \Inbound 
connections  "
9.2.3,Windows Firewall,Windows Firewall: Private: Outbound connections,Allow (default),No audit,No rem
9.2.4,Windows Firewall,Windows Firewall: Private: Settings: Display a notification,No,Audit: Navigate to the UI Path articulated in the Remediation section and confirm it is set as prescribed. This group policy setting is backed by the following registry location: HKEY_LOCAL_MACHINE \SOFTWARE \Policies \Microsoft \WindowsFirewall \PrivateProfile :DisableNotifications,"Remediation:  
 No: 
Computer Configuration \Policies \Windows Settings \Security Settings \Windows 
Defender Firewall with Advanced Security \Windows Defender Firewall with 
Advanced Security \Windows Firewall Properties \Private Profile \Settings 
Customize \Display a notification  "
9.2.5,Windows Firewall,Windows Firewall: Private: Logging: Name,%SystemRoot% \System32 \logfiles \firewall \privatefw.log,No audit,No rem
9.2.6,Windows Firewall,Windows Firewall: Private: Logging: Size limit (KB),"16,384 KB or greater",Audit: Navigate to the UI Path articulated in the Remediation section and confirm it is set as prescribed. This group policy setting is backed by the following registry location: HKEY_LOCAL_MACHINE \SOFTWARE \Policies \Microsoft \WindowsFirewall \PrivateProfile \Logging:LogFileSize,"Remediation:  
 16,384 
KB or greater : 
Computer Configuration \Policies \Windows Settings \Security Settings \Windows 
Defender Firewall with Advanced Security \Windows Defender Firewall with 
Advanced Security \Windows Firewall Properties \Private Profile \Logging 
Customize \Size limit (KB)  "
9.2.7,Windows Firewall,Windows Firewall: Private: Logging: Log dropped packets,Yes,Audit: Navigate to the UI Path articulated in the Remediation section and confirm it is set as prescribed. This group policy setting is backed by the following registry location: HKEY_LOCAL_MACHINE \SOFTWARE \Policies \Microsoft \WindowsFirewall \PrivateProfile \Logging:LogDroppedPackets,"Remediation:  
 Yes: 
Computer Configuration \Policies \Windows Settings \Security Settings \Windows 
Defender Firewall with Advanced Security \Windows Defender Firewall with 
Advanced Security \Windows Firewall Properties \Private Profile \Logging 
Customize \Log dropped packets  "
9.2.8,Windows Firewall,Windows Firewall: Private: Logging: Log successful connections,Yes,Audit: Navigate to the UI Path articulated in the Remediation section and confirm it is set as prescribed. This group policy setting is backed by the following registry location: HKEY_LOCAL_MACHINE \SOFTWARE \Policies \Microsoft \WindowsFirewall \PrivateProfile \Logging:LogSuccessfulConnections,"Remediation:  
 Yes: 
Computer Configuration \Policies \Windows Settings \Security Settings \Windows 
Defender Firewall with Advanced Security \Windows Defender Firewall with 
Advanced Security \Windows Firewall Properties \Private Profile \Logging 
Customize \Log successful connections  "
9.3.1,Windows Firewall,Windows Firewall: Public: Firewall state,On (recommended),Audit: Navigate to the UI Path articulated in the Remediation section and confirm it is set as prescribed. This group policy setting is backed by the following registry location: HKEY_LOCAL_MACHINE \SOFTWARE \Policies \Microsoft \WindowsFirewall \PublicProfile: EnableFirewall,"Remediation:  
 On 
(recommended):  
Computer Configuration \Policies \Windows Settings \Security Settings \Windows 
Defender Firewall with Advanced Security \Windows Defender Firewall with 
Advanced Security \Windows Firewall Properties \Public Profile \Firewall state  "
9.3.2,Windows Firewall,Windows Firewall: Public: Inbound connections,Block (default),Audit: Navigate to the UI Path articulated in the Remediation section and confirm it is set as prescribed. This group policy setting is backed by the following registry location: HKEY_LOCAL_MACHINE \SOFTWARE \Policies \Microsoft \WindowsFirewall \PublicProfile: DefaultInboundAction,"Remediation:  
 Block 
(default) : 
Computer Configuration \Policies \Windows Settings \Security Settings \Windows 
Defender Firewall with Advanced Security \Windows Defender Firewall with 
Advanced Security \Windows Firewall Properties \Public Profile \Inbound 
connections  "
9.3.3,Windows Firewall,Windows Firewall: Public: Outbound connections,Allow (default),No audit,No rem
9.3.4,Windows Firewall,Windows Firewall: Public: Settings: Display a notification,No,Audit: Navigate to the UI Path articulated in the Remediation section and confirm it is set as prescribed. This group policy setting is backed by the following registry location: HKEY_LOCAL_MACHINE \SOFTWARE \Policies \Microsoft \WindowsFirewall \PublicProfile: DisableNotifications,"Remediation:  
 'No':  
Computer Configuration \Policies \Windows Settings \Security Settings \Windows 
Defender Firewall with Advanced Security \Windows Defender Firewall with 
Advanced Security \Windows Firewall Properties \Public Profile \Settings 
Customize \Display a notification  "
9.3.5,Windows Firewall,Windows Firewall: Public: Settings: Apply local firewall rules,No,Audit: Navigate to the UI Path articulated in the Remediation section and confirm it is set as prescribed. This group policy setting is backed by the following registry location: HKEY_LOCAL_MACHINE \SOFTWARE \Policies \Microsoft \WindowsFirewall \PublicProfile: AllowLocalPolicyMerge,"Remediation:  
 No: 
Computer Configuration \Policies \Windows Settings \Security Settings \Windows 
Defender Firewall with Advanced Security \Windows Defender Firewall with 
Advanced Security \Windows Firewall Properties \Public Profile \Settings 
Customize \Apply local firewall rules  "
9.3.6,Windows Firewall,Windows Firewall: Public: Settings: Apply local connection security rules,No,Audit: Navigate to the UI Path articulated in the Remediation section and confirm it is set as prescribed. This group policy setting is backed by the following registry location: HKEY_LOCAL_MACHINE \SOFTWARE \Policies \Microsoft \WindowsFirewall \PublicProfile: AllowLocalIPsecPolicyMerge,"Remediation:  
 No: 
Computer Configuration \Policies \Windows Settings \Security Settings \Windows 
Defender Firewall with Advanced Security \Windows Defender Firewall with 
Advanced Security \Windows Firewall Properties \Public Profile \Settings 
Customize \Apply local connection securi ty rules  "
9.3.7,Windows Firewall,Windows Firewall: Public: Logging: Name,%SystemRoot% \System32 \logfiles \firewall \publicfw.log,No audit,No rem
9.3.8,Windows Firewall,Windows Firewall: Public: Logging: Size limit (KB),"16,384 KB or greater",Audit: Navigate to the UI Path articulated in the Remediation section and confirm it is set as prescribed. This group policy setting is backed by the following registry location: HKEY_LOCAL_MACHINE \SOFTWARE \Policies \Microsoft \WindowsFirewall \PublicProfile \ Logging:LogFileSize,"Remediation:  
 16,384 
KB or greater : 
Computer Configuration \Policies \Windows Settings \Security Settings \Windows 
Defender Firewall with Advanced Security \Windows Defender Firewall with 
Advanced Security \Windows Firewall Properties \Public Profile \Logging 
Customize \Size limit (KB)  "
9.3.9,Windows Firewall,Windows Firewall: Public: Logging: Log dropped packets,Yes,Audit: Navigate to the UI Path articulated in the Remediation section and confirm it is set as prescribed. This group policy setting is backed by the following registry location: HKEY_LOCAL_MACHINE \SOFTWARE \Policies \Microsoft \WindowsFirewall \PublicProfile \ Logging:LogDroppedPackets,"Remediation:  
 Yes: 
Computer Configuration \Policies \Windows Settings \Security Settings \Windows 
Defender Firewall with Advanced Security \Windows Defender Firewall with 
Advanced Security \Public Profile \Logging Customize \Log dropped packets  "
9.3.10,Windows Firewall,Windows Firewall: Public: Logging: Log successful connections,Yes,Audit: Navigate to the UI Path articulated in the Remediation section and confirm it is set as prescribed. This group policy setting is backed by the following registry location: HKEY_LOCAL_MACHINE \SOFTWARE \Policies \Microsoft \WindowsFirewall \PublicProfile \ Logging:LogSuccessfulConnections,"Remediation:  
 Yes: 
Computer Configuration \Policies \Windows Settings \Security Settings \Windows 
Defender Firewall with Advanced Security \Windows Defender Firewall with 
Advanced Security \Windows Firewall Properties \Public Profile \Logging 
Customize \Log successful connections  "
17.1.1,Advanced Audit Policy Configuration,Audit Credential Validation,Success and Failure,No audit,No rem
17.1.2,Advanced Audit Policy Configuration,Audit Kerberos Authentication Service,Success and Failure,No audit,No rem
17.1.3,Advanced Audit Policy Configuration,Audit Kerberos Service Ticket Operations,Success and Failure,No audit,No rem
17.2.1,Advanced Audit Policy Configuration,Audit Application Group Management,Success and Failure,No audit,No rem
Not found,Blank,Not found,Not found,No audit,No rem
Not found,Blank,Not found,Not found,No audit,No rem
Not found,Blank,Not found,Not found,No audit,No rem
Not found,Blank,Not found,Not found,No audit,No rem
17.2.6,Advanced Audit Policy Configuration,Audit User Account Management,Success and Failure,No audit,No rem
Not found,Blank,Not found,Not found,No audit,No rem
Not found,Blank,Not found,Not found,No audit,No rem
Not found,Blank,Not found,Not found,No audit,No rem
Not found,Blank,Not found,Not found,No audit,No rem
Not found,Blank,Not found,Not found,No audit,No rem
Not found,Blank,Not found,Not found,No audit,No rem
Not found,Blank,Not found,Not found,No audit,No rem
17.5.4,Advanced Audit Policy Configuration,Audit Logon,Success and Failure,No audit,No rem
17.5.5,Advanced Audit Policy Configuration,Audit Other Logon/Logoff Events,Success and Failure,No audit,No rem
Not found,Blank,Not found,Not found,No audit,No rem
Not found,Blank,Not found,Not found,No audit,No rem
17.6.2,Advanced Audit Policy Configuration,Audit File Share,Success and Failure,No audit,No rem
17.6.3,Advanced Audit Policy Configuration,Audit Other Object Access Events,Success and Failure,No audit,No rem
17.6.4,Advanced Audit Policy Configuration,Audit Removable Storage,Success and Failure,No audit,No rem
Not found,Blank,Not found,Not found,No audit,No rem
Not found,Blank,Not found,Not found,No audit,No rem
Not found,Blank,Not found,Not found,No audit,No rem
17.7.4,Advanced Audit Policy Configuration,Audit MPSSVC Rule -Level Policy Change,Success and Failure,No audit,No rem
Not found,Blank,Not found,Not found,No audit,No rem
17.8.1,Advanced Audit Policy Configuration,Audit Sensitive Privilege Use,Success and Failure,No audit,No rem
17.9.1,Advanced Audit Policy Configuration,Audit IPsec Driver,Success and Failure,No audit,No rem
17.9.2,Advanced Audit Policy Configuration,Audit Other System Events,Success and Failure,No audit,No rem
Not found,Blank,Not found,Not found,No audit,No rem
Not found,Blank,Not found,Not found,No audit,No rem
17.9.5,Advanced Audit Policy Configuration,Audit System Integrity,Success and Failure,No audit,No rem
18.1.1.1,Administrative Templates: Control Panel,Prevent enabling lock screen camera,1,Audit: Navigate to the UI Path articulated in the Remediation section and confirm it is set as prescribed. This group policy setting is backed by the following registry location: HKEY_LOCAL_MACHINE \SOFTWARE \Policies \Microsoft \Windows\Personalization:NoLock ScreenCamera,"Remediation:  
 
Enabled : 
Computer Configuration \Policies \Administrative Templates \Control 
Panel\Personalization \Prevent enabling lock screen camera  
Note:  This Group Policy path may not exist by default. It is provided by the Group Policy 
template ControlPanelDisplay.admx/adml  that is included with the Microsoft Windows 
8.1 & Server 2012 R2 Administrative Templates (or newer).  "
18.1.1.2,Administrative Templates: Control Panel,Prevent enabling lock screen slide show,1,Audit: Navigate to the UI Path articulated in the Remediation section and confirm it is set as prescribed. This group policy setting is backed by the following registry location: HKEY_LOCAL_MACHINE \SOFTWARE \Policies \Microsoft \Windows\Personalization:NoLock ScreenSlideshow,"Remediation:  
 
Enabled : 
Computer Configuration \Policies \Administrative Templates \Control 
Panel\Personalization \Prevent enabling lock screen slide show  
Note:  This Group Policy path may not exist by default. It is provided by the Group Policy 
template ControlPanelDisplay.admx/adml  that is included with the Microsoft Windows 
8.1 & Server 2012 R2 Administrative Templates (or newer).  "
18.1.2.2,Administrative Templates: Control Panel,Allow users to enable online speech recognition services,0,No audit,No rem
18.4.1,Blank,Configure RPC packet level privacy setting for incoming connections,1,Audit: Navigate to the UI Path articulated in the Remediation section and confirm it is set as prescribed. This group policy setting is backed by the following registry location: HKEY_LOCAL_MACHINE \SYSTEM\CurrentControlSet \Control\Print:RpcAuthnLevelPrivac yEnabled,"Remediation:  
 
Enabled : 
Computer Configuration \Policies \Administrative Templates \MS Security 
Guide\Configure RPC packet level privacy setting for incoming connections  
Note:  This Group Policy path does not exist by default. An additional Group Policy 
template ( SecGuide.admx/adml ) is required - it is available from Microsoft at this link . "
18.4.2,Blank,Configure SMB v1 client driver,Enabled: Disable driver (recommended),No audit,No rem
18.4.3,Blank,Configure SMB v1 server,0,No audit,No rem
18.4.4,Blank,Enable Structured Exception Handling Overwrite Protection (SEHOP),1,Audit: Navigate to the UI Path articulated in the Remediation section and confirm it is set as prescribed. This group policy setting is backed by the following registry location: HKEY_LOCAL_MACHINE \SYSTEM\CurrentControlSet \Control\Session Manager\kernel:DisableExceptionChainValidation,No rem
18.4.5,Blank,LSA Protection,1,Audit: Navigate to the UI Path articulated in the Remediation section and confirm it is set as prescribed. This group policy setting is backed by the following registry location: HKEY_LOCAL_MACHINE \SYSTEM\CurrentControlSet \Control\Lsa:RunAsPPL,No rem
18.4.6,Blank,NetBT NodeType configuration,Enabled: P -node (recommended),No audit,No rem
18.4.7,Blank,WDigest Authentication,0,Audit: Navigate to the UI Path articulated in the Remediation section and confirm it is set as prescribed. This group policy setting is backed by the following registry location: HKEY_LOCAL_MACHINE \SYSTEM\CurrentControlSet \Control\SecurityProviders \WDigest :UseLogonCredential,No rem
18.5.1,Blank,MSS: (AutoAdminLogon) Enable Automatic Logon (not recommended),0,No audit,No rem
18.5.2,Blank,MSS: (DisableIPSourceRouting IPv6) IP source routing protection level (protects against packet spoofing),"Enabled: Highest protection, source routing is completely disabled",Audit: Navigate to the UI Path articulated in the Remediation section and confirm it is set as prescribed. This group policy setting is backed by the following registry location: HKEY_LOCAL_MACHINE \SYSTEM\CurrentControlSet \Services \Tcpip6\Parameters:Disabl eIPSourceRouting,No rem
18.5.3,Blank,MSS: (DisableIPSourceRouting) IP source routing protection level (protects against packet spoofing),"Enabled: Highest protection, source routing is completely disabled",No audit,No rem
18.5.4,Blank,MSS: (EnableICMPRedirect) Allow ICMP redirects to override OSPF generated routes,0,No audit,No rem
18.5.6,Blank,MSS: (NoNameReleaseOnDemand) Allow the computer to ignore NetBIOS name release requests except from WINS servers,1,No audit,No rem
18.5.8,Blank,MSS: (SafeDllSearchMode) Enable Safe DLL search mode (recommended),1,No audit,No rem
18.5.9,Blank,MSS: (ScreenSaverGracePeriod) The time in seconds before the screen saver grace period expires (0 recommended),Enabled: 5 or fewer seconds,No audit,No rem
18.5.12,Blank,MSS: (WarningLevel) Percentage threshold for the security event log at which the system will generate a warning,Enabled: 90% or less,No audit,No rem
18.6.4.1,Blank,Configure NetBIOS settings,Enabled: Disable NetBIOS name resolution on public networks,No audit,No rem
18.6.4.2,Blank,Turn off multicast name resolution,1,No audit,No rem
18.6.8.1,Blank,Enable insecure guest logons,0,Audit: Navigate to the UI Path articulated in the Remediation section and confirm it is set as prescribed. This group policy setting is backed by the following registry location: HKEY_LOCAL_MACHINE \SOFTWARE \Policies \Microsoft \Windows\LanmanWorkstation:Allo wInsecureGuestAuth,No rem
18.6.11.2,Blank,Prohibit installation and configuration of Network Bridge on your DNS domain network,1,No audit,No rem
18.6.11.3,Blank,Prohibit use of Internet Connection Sharing on your DNS domain network,1,Audit: Navigate to the UI Path articulated in the Remediation section and confirm it is set as prescribed. This group policy setting is backed by the following registry location: HKEY_LOCAL_MACHINE \SOFTWARE \Policies \Microsoft \Windows\Network Connections:NC_ShowSharedAccessUI,No rem
18.6.14.1,Blank,Hardened UNC Paths,"Enabled, with ""Require Mutual Authentication"" and ""Require Integrity"" set for all NETLOGON and SYSVOL shares",No audit,No rem
18.6.21.1,Blank,Minimize the number of simultaneous connections to the Internet or a Windows Domain,Enabled: 3 = Prevent Wi -Fi when on Ethernet,No audit,No rem
18.7.1,Blank,Allow Print Spooler to accept client connections,0,No audit,No rem
18.7.2,Blank,Configure Redirection Guard,Enabled: Redirection Guard Enabled,Audit: Navigate to the UI Path articulated in the Remediation section and confirm it is set as prescribed. This group policy setting is backed by the following registry location: HKEY_LOCAL_MACHINE \SOFTWARE \Policies \Microsoft \Windows NT\Printers:RedirectionguardPolicy,"Remediation:  
 
Enabled: Redirection Guard Enabled : 
Computer Configuration \Policies \Administrative Templates \Printers \Configure 
Redirection Guard  
Note:  This Group Policy path is provided by the Group Policy template 
Printing.admx/adml  that is included with the Microsoft Windows 11 Release 22H2 
Administrative Templates v1.0 (or newer).  "
18.7.3,Blank,Configure RPC connection settings: Protocol to use for outgoing RPC connections,Enabled: RPC over TCP,Audit: Navigate to the UI Path articulated in the Remediation section and confirm it is set as prescribed. This group policy setting is backed by the following registry location: HKEY_LOCAL_MACHINE \SOFTWARE \Policies \Microsoft \Windows NT\Printers \RPC:RpcUseNamedPipeProtocol,No rem
18.7.4,Blank,Configure RPC connection settings: Use authentication for outgoing RPC connections,Enabled: Default,Audit: Navigate to the UI Path articulated in the Remediation section and confirm it is set as prescribed. This group policy setting is backed by the following registry location: HKEY_LOCAL_MACHINE \SOFTWARE \Policies \Microsoft \Windows NT\Printers \RPC:RpcAuthentication,No rem
18.7.5,Blank,Configure RPC listener settings: Protocols to allow for incoming RPC connections,Enabled: RPC over TCP,Audit: Navigate to the UI Path articulated in the Remediation section and confirm it is set as prescribed. This group policy setting is backed by the following registry location: HKEY_LOCAL_MACHINE \SOFTWARE \Policies \Microsoft \Windows NT\Printers \RPC:RpcProtocols,No rem
18.7.6,Blank,Configure RPC listener settings: Authentication protocol to use for incoming RPC connections:,Enabled: Negotiate,Audit: Navigate to the UI Path articulated in the Remediation section and confirm it is set as prescribed. This group policy setting is backed by the following registry location: HKEY_LOCAL_MACHINE \SOFTWARE \Policies \Microsoft \Windows NT\Printers \RPC:ForceKerberosForRpc,No rem
18.7.7,Blank,Configure RPC over TCP port,Enabled: 0,Audit: Navigate to the UI Path articulated in the Remediation section and confirm it is set as prescribed. This group policy setting is backed by the following registry location: HKEY_LOCAL_MACHINE \SOFTWARE \Policies \Microsoft \Windows NT\Printers \RPC:RpcTcpPort,"Remediation:  
 
Enabled: 0 : 
Computer Configuration \Policies \Administrative Templates \Printers \Configure 
RPC over TCP port  
Note:  This Group Policy path is provided by the Group Policy template 
Printing.admx/adml  that is included with the Microsoft Windows 11 Release 22H2 
Administrative Templates v1.0 (or newer).  "
18.7.8,Blank,Limits print driver installation to Administrators,1,Audit: Navigate to the UI Path articulated in the Remediation section and confirm it is set as prescribed. This group policy setting is backed by the following registry location: HKEY_LOCAL_MACHINE \SOFTWARE \Policies \Microsoft \Windows NT\Printers \PointAndPrint:RestrictDriverInstallationToAdministrators,No rem
18.7.9,Blank,Manage processing of Queue -specific files,Enabled: Limit Queue -specific files to Color profiles,Audit: Navigate to the UI Path articulated in the Remediation section and confirm it is set as prescribed. This group policy setting is backed by the following registry location: HKEY_LOCAL_MACHINE \SOFTWARE \Policies \Microsoft \Windows NT\Printers:CopyFilesPolicy,No rem
18.7.10,Blank,Point and Print Restrictions: When installing drivers for a new connection,Enabled: Show warning and elevation prompt,No audit,No rem
18.7.11,Blank,Point and Print Restrictions: When updating drivers for an existing connection,Enabled: Show warning and elevation prompt,No audit,No rem
18.9.3.1,Blank,Include command line in process creation events,1,No audit,No rem
18.9.4.1,Blank,Encryption Oracle Remediation,Enabled: Force Updated Clients,No audit,No rem
18.9.4.2,Blank,Remote host allows delegation of non -exportable credentials,1,No audit,No rem
18.9.7.2,Blank,Prevent device metadata retrieval from the Internet,1,No audit,No rem
18.9.13.1,Blank,Boot -Start Driver Initialization Policy,"Enabled: Good, unknown and bad but critical",No audit,No rem
18.9.19.1,Blank,Continue experiences on this device,0,Audit: Navigate to the UI Path articulated in the Remediation section and confirm it is set as prescribed. This group policy setting is backed by the following registry location: HKEY_LOCAL_MACHINE \SOFTWARE \Policies \Microsoft \Windows\System:EnableCdp,"Remediation:  
 
Disabled : 
Computer Configuration \Policies \Administrative Templates \System\Group 
Policy\Continue experiences on this device  
Note:  This Group Policy path may not exist by default. It is provided by the Group Policy 
template GroupPolicy.admx/adml  that is included with the Microsoft Windows 10 
Release 1607 & Server 2016 Administrative Templates (or newer).  "
18.9.20.1.1,Blank,Turn off downloading of print drivers over HTTP,1,Audit: Navigate to the UI Path articulated in the Remediation section and confirm it is set as prescribed. This group policy setting is backed by the following registry location: HKEY_LOCAL_MACHINE \SOFTWARE \Policies \Microsoft \Windows NT\Printers:DisableWebPnPDownload,"Remediation:  
 
Enabled : 
Computer Configuration \Policies \Administrative Templates \System\Internet 
Communication Management \Internet Communication settings \Turn off downloading 
of print drivers over HTTP  
Note:  This Group Policy path is provided by the Group Policy template ICM.admx/adml  
that is included with all versions of the Microsoft Windows Administrative Templates.  "
18.9.20.1.5,Blank,Turn off Internet download for Web publishing and online ordering wizards,1,Audit: Navigate to the UI Path articulated in the Remediation section and confirm it is set as prescribed. This group policy setting is backed by the following registry location: HKEY_LOCAL_MACHINE \SOFTWARE \Microsoft \Windows\CurrentVersion \Policies \Explore r:NoWebServices,"Remediation:  
 
Enabled : 
Computer Configuration \Policies \Administrative Templates \System\Internet 
Communication Management \Internet Communication settings \Turn off Internet 
download for Web publishing and online ordering wizards  
Note:  This Group Policy path is provided by the Group Policy template ICM.admx/adml  
that is included with all versions of the Microsoft Windows Administrative Templates.  "
18.9.24.1,Blank,Enumeration policy for external devices incompatible with Kernel DMA Protection,Enabled: Block All,No audit,No rem
18.9.28.1,Blank,Block user from showing account details on sign -in,1,Audit: Navigate to the UI Path articulated in the Remediation section and confirm it is set as prescribed. This group policy setting is backed by the following registry location: HKEY_LOCAL_MACHINE \SOFTWARE \Policies \Microsoft \Windows\System:BlockUserFromSh owingAccountDetailsOnSignin,"Remediation:  
 
Enabled : 
Computer Configuration \Policies \Administrative Templates \System\Logon\Block 
user from showing account details on sign -in 
Note:  This Group Policy path may not exist by default. It is provided by the Group Policy 
template Logon.admx/adml  that is included with the Microsoft Windows 10 Release 1607 
& Server 2016 Administrative Templates (or newer).  "
18.9.28.2,Blank,Do not display network selection UI,1,Audit: Navigate to the UI Path articulated in the Remediation section and confirm it is set as prescribed. This group policy setting is backed by the following registry location: HKEY_LOCAL_MACHINE \SOFTWARE \Policies \Microsoft \Windows\System:DontDisplayNetw orkSelectionUI,"Remediation:  
 
Enabled : 
Computer Configuration \Policies \Administrative Templates \System\Logon\Do not 
display network selection UI  
Note:  This Group Policy path may not exist by default. It is provided by the Group Policy 
template Logon.admx/adml  that is included with the Microsoft Windows 8.1 & Server 
2012 R2 Administrative Templates (or newer).  "
18.9.28.3,Blank,Turn off app notifications on the lock screen,1,Audit: Navigate to the UI Path articulated in the Remediation section and confirm it is set as prescribed. This group policy setting is backed by the following registry location: HKEY_LOCAL_MACHINE \SOFTWARE \Policies \Microsoft \Windows\System:DisableLockScre enAppNotifications,"Remediation:  
 
Enabled : 
Computer Configuration \Policies \Administrative Templates \System\Logon\Turn 
off app notifications on the lock screen  
Note:  This Group Policy path may not exist by default. It is provided by the Group Policy 
template Logon.admx/adml  that is included with the Microsoft Windows 8.0 & Server 
2012 (non -R2) Administrative Templates (or newer).  "
18.9.28.4,Blank,Turn on convenience PIN sign -in,0,No audit,No rem
18.9.33.6.3,Blank,Require a password when a computer wakes (on battery),1,Audit: Navigate to the UI Path articulated in the Remediation section and confirm it is set as prescribed. This group policy setting is backed by the following registry location: HKEY_LOCAL_MACHINE \SOFTWARE \Policies \Microsoft \Power\PowerSettings \0e796bdb - 100d-47d6-a2d5-f7d2daa51f51:DCSettingIndex,"Remediation:  
 
Enabled : 
Computer Configuration \Policies \Administrative Templates \System\Power 
Management \Sleep Settings \Require a password when a computer wakes (on 
battery)  
Note:  This Group Policy path may not exist by default. It is provided by the Group Policy 
template Power.admx/adml  that is included with the Microsoft Windows 8.0 & Server 
2012 (non -R2) Administrative Templates (or newer).  "
18.9.33.6.4,Blank,Require a password when a computer wakes (plugged in),1,Audit: Navigate to the UI Path articulated in the Remediation section and confirm it is set as prescribed. This group policy setting is backed by the following registry location: HKEY_LOCAL_MACHINE \SOFTWARE \Policies \Microsoft \Power\PowerSettings \0e796bdb - 100d-47d6-a2d5-f7d2daa51f51:ACSettingIndex,"Remediation:  
 
Enabled : 
Computer Configuration \Policies \Administrative Templates \System\Power 
Management \Sleep Settings \Require a password when a computer wakes (plugged 
in) 
Note:  This Group Policy path may not exist by default. It is provided by the Group Policy 
template Power.admx/adml  that is included with the Microsoft Windows 8.0 & Server 
2012 (non -R2) Administrative Templates (or newer).  "
18.9.35.1,Blank,Configure Offer Remote Assistance,0,Audit: Navigate to the UI Path articulated in the Remediation section and confirm it is set as prescribed. This group policy setting is backed by the following registry location: HKEY_LOCAL_MACHINE \SOFTWARE \Policies \Microsoft \Windows NT \Terminal Services:fAllowUnsolicited,"Remediation:  
 
Disabled : 
Computer Configuration \Policies \Administrative Templates \System\Remote 
Assistance \Configure Offer Remote Assistance  
Note:  This Group Policy path may not exist by default. It is provided by the Group Policy 
template RemoteAssistance.admx/adml  that is included with the Microsoft Windows 8.0 
& Server 2012 (non -R2) Administrative Templates (or newer).  "
18.9.35.2,Blank,Configure Solicited Remote Assistance,0,Audit: Navigate to the UI Path articulated in the Remediation section and confirm it is set as prescribed. This group policy setting is backed by the following registry location: HKEY_LOCAL_MACHINE \SOFTWARE \Policies \Microsoft \Windows NT \Terminal Services:fAllowToGetHelp,No rem
18.9.36.1,Blank,Enable RPC Endpoint Mapper Client Authentication,1,Audit: Navigate to the UI Path articulated in the Remediation section and confirm it is set as prescribed. This group policy setting is backed by the following registry location: HKEY_LOCAL_MACHINE \SOFTWARE \Policies \Microsoft \Windows NT\Rpc:EnableAuthEpResolution,No rem
18.9.39.1,Blank,Configure validation of ROCA -vulnerable WHfB keys during authentication,Enabled: Audit,No audit,No rem
18.9.51.1.1,Blank,Enable Windows NTP Client,1,Audit: Navigate to the UI Path articulated in the Remediation section and confirm it is set as prescribed. This group policy setting is backed by the following registry location: HKEY_LOCAL_MACHINE \SOFTWARE \Policies \Microsoft \W32Time\TimeProviders \NtpClien t:Enabled,No rem
18.9.51.1.2,Blank,Enable Windows NTP Server,0,Audit: Navigate to the UI Path articulated in the Remediation section and confirm it is set as prescribed. This group policy setting is backed by the following registry location: HKEY_LOCAL_MACHINE \SOFTWARE \Policies \Microsoft \W32Time\TimeProviders \NtpServe r:Enabled,No rem
18.10.5.1,Blank,Allow Microsoft accounts to be optional,1,Audit: Navigate to the UI Path articulated in the Remediation section and confirm it is set as prescribed. This group policy setting is backed by the following registry location: HKEY_LOCAL_MACHINE \SOFTWARE \Microsoft \Windows\CurrentVersion \Policies \System: MSAOptional,No rem
18.10.7.1,Blank,Disallow Autoplay for non -volume devices,1,Audit: Navigate to the UI Path articulated in the Remediation section and confirm it is set as prescribed. This group policy setting is backed by the following registry location: HKEY_LOCAL_MACHINE \SOFTWARE \Policies \Microsoft \Windows\Explorer:NoAutoplayfor nonVolume,"Remediation:  
 
Enabled : 
Computer Configuration \Policies \Administrative Templates \Windows 
Components \AutoPlay Policies \Disallow Autoplay for non -volume devices  
Note:  This Group Policy path may not exist by default. It is provided by the Group Policy 
template AutoPlay.admx/adml  that is included with the Microsoft Windows 8.0 & Server 
2012 (non -R2) Administrative Templates (or newer).  "
18.10.7.2,Blank,Set the default behavior for AutoRun,Enabled: Do not execute any autorun commands,Audit: Navigate to the UI Path articulated in the Remediation section and confirm it is set as prescribed. This group policy setting is backed by the following registry location: HKEY_LOCAL_MACHINE \SOFTWARE \Microsoft \Windows\CurrentVersion \Policies \Explore r:NoAutorun,No rem
18.10.7.3,Blank,Turn off Autoplay,Enabled: All drives,Audit: Navigate to the UI Path articulated in the Remediation section and confirm it is set as prescribed. This group policy setting is backed by the following registry location: HKEY_LOCAL_MACHINE \SOFTWARE \Microsoft \Windows\CurrentVersion \Policies \Explore r:NoDriveTypeAutoRun,No rem
18.10.8.1.1,Blank,Configure enhanced anti -spoofing,1,Audit: Navigate to the UI Path articulated in the Remediation section and confirm it is set as prescribed. This group policy setting is backed by the following registry location: HKEY_LOCAL_MACHINE \SOFTWARE \Policies \Microsoft \Biometrics \FacialFeatures:Enha ncedAntiSpoofing,No rem
18.10.12.1,Blank,Turn off cloud consumer account state content,1,Audit: Navigate to the UI Path articulated in the Remediation section and confirm it is set as prescribed. This group policy setting is backed by the following registry location: HKEY_LOCAL_MACHINE \SOFTWARE \Policies \Microsoft \Windows\CloudContent:DisableCo nsumerAccountStateContent,"Remediation:  
 
Enabled : 
Computer Configuration \Policies \Administrative Templates \Windows 
Components \Cloud Content \Turn off cloud consumer account state content  
Note:  This Group Policy path may not exist by default. It is provided by the Group Policy 
template CloudContent.admx/adml  that is included with the Microsoft Windows 11 
Release 21H2 Administrative Templates (or newer).  "
18.10.12.2,Blank,Turn off Microsoft consumer experiences,1,Audit: Navigate to the UI Path articulated in the Remediation section and confirm it is set as prescribed. This group policy setting is backed by the following registry location: HKEY_LOCAL_MACHINE \SOFTWARE \Policies \Microsoft \Windows\CloudContent:DisableWi ndowsConsumerFeatures,No rem
18.10.13.1,Blank,Require pin for pairing,Enabled: First Time,Audit: Navigate to the UI Path articulated in the Remediation section and confirm it is set as prescribed. This group policy setting is backed by the following registry location: HKEY_LOCAL_MACHINE \SOFTWARE \Policies \Microsoft \Windows\Connect:RequirePinForP airing,"Remediation:  
 
Enabled: First Time  OR Enabled: Always : 
Computer Configuration \Policies \Administrative Templates \Windows 
Components \Connect\Require pin for pairing  
Note:  This Group Policy path may not exist by default. It is provided by the Group Policy 
template WirelessDisplay.admx/adml  that is included with the Microsoft Windows 10 
Release 1607 & Server 2016 Administrative Templates (or newer). The new Choose one 
of the following actions  sub-option was later added as of the Windows 10 Release 
1809 Administrative Templates. Choosing Enabled  in the older templates is the 
equivalent of choosing Enabled: First Time  in the newer templates.  "
18.10.14.1,Blank,Do not display the password reveal button,1,Audit: Navigate to the UI Path articulated in the Remediation section and confirm it is set as prescribed. This group policy setting is backed by the following registry location: HKEY_LOCAL_MACHINE \SOFTWARE \Policies \Microsoft \Windows\CredUI:DisablePassword Reveal,No rem
18.10.14.2,Blank,Enumerate administrator accounts on elevation,0,Audit: Navigate to the UI Path articulated in the Remediation section and confirm it is set as prescribed. This group policy setting is backed by the following registry location: HKEY_LOCAL_MACHINE \SOFTWARE \Microsoft \Windows\CurrentVersion \Policies \CredUI: EnumerateAdministrators,"Remediation:  
 
Disabled : 
Computer Configuration \Policies \Administrative Templates \Windows 
Components \Credential User Interface \Enumerate administrator accounts on 
elevation  
Note:  This Group Policy path is provided by the Group Policy template 
CredUI.admx/adml  that is included with all versions of the Microsoft Windows 
Administrative Templates.  "
18.10.15.1,Blank,Allow Diagnostic Data,Enabled: Diagnostic data off (not recommended),No audit,No rem
18.10.15.3,Blank,Disable OneSettings Downloads,1,Audit: Navigate to the UI Path articulated in the Remediation section and confirm it is set as prescribed. This group policy setting is backed by the following registry location: HKEY_LOCAL_MACHINE \SOFTWARE \Policies \Microsoft \Windows\DataCollection:Disable OneSettingsDownloads,"Remediation:  
 
Enabled : 
Computer Configuration \Policies \Administrative Templates \Windows 
Components \Data Collection and Preview Builds \Disable OneSettings Downloads  
Note:  This Group Policy path may not exist by default. It is provided by the Group Policy 
template DataCollection.admx/adml  that is included with the Microsoft Windows 11 
Release 21H2 Administrative Templates (or newer).  "
18.10.15.4,Blank,Do not show feedback notifications,1,Audit: Navigate to the UI Path articulated in the Remediation section and confirm it is set as prescribed. This group policy setting is backed by the following registry location: HKEY_LOCAL_MACHINE \SOFTWARE \Policies \Microsoft \Windows\DataCollection:DoNotSh owFeedbackNotifications,"Remediation:  
 
Enabled : 
Computer Configuration \Policies \Administrative Templates \Windows 
Components \Data Collection and Preview Builds \Do not show feedback 
notifications  
Note:  This Group Policy path may not exist by default. It is provided by the Group Policy 
template FeedbackNotifications.admx/adml  that is included with the Microsoft Windows 
10 Release 1511 Administrative Templates (or newer).  "
18.10.15.5,Blank,Enable OneSettings Auditing,1,Audit: Navigate to the UI Path articulated in the Remediation section and confirm it is set as prescribed. This group policy setting is backed by the following registry location: HKEY_LOCAL_MACHINE \SOFTWARE \Policies \Microsoft \Windows\DataCollection:EnableO neSettingsAuditing,"Remediation:  
 
Enabled : 
Computer Configuration \Policies \Administrative Templates \Windows 
Components \Data Collection and Preview Builds \Enable OneSettings Auditing  
Note:  This Group Policy path may not exist by default. It is provided by the Group Policy 
template DataCollection.admx/adml  that is included with the Microsoft Windows 11 
Release 21H2 Administrative Templates (or newer).  "
18.10.15.6,Blank,Limit Diagnostic Log Collection,1,Audit: Navigate to the UI Path articulated in the Remediation section and confirm it is set as prescribed. This group policy setting is backed by the following registry location: HKEY_LOCAL_MACHINE \SOFTWARE \Policies \Microsoft \Windows\DataCollection:LimitDi agnosticLogCollection,No rem
18.10.15.7,Blank,Limit Dump Collection,1,Audit: Navigate to the UI Path articulated in the Remediation section and confirm it is set as prescribed. This group policy setting is backed by the following registry location: HKEY_LOCAL_MACHINE \SOFTWARE \Policies \Microsoft \Windows\DataCollection:LimitDu mpCollection,No rem
18.10.15.8,Blank,Toggle user control over Insider builds,0,No audit,No rem
18.10.17.1,Blank,Enable App Installer,0,Audit: Navigate to the UI Path articulated in the Remediation section and confirm it is set as prescribed. This group policy setting is backed by the following registry location: HKEY_LOCAL_MACHINE \SOFTWARE \Policies \Microsoft \Windows\AppInstaller:EnableApp Installer,No rem
18.10.17.2,Blank,Enable App Installer Experimental Features,0,Audit: Navigate to the UI Path articulated in the Remediation section and confirm it is set as prescribed. This group policy setting is backed by the following registry location: HKEY_LOCAL_MACHINE \SOFTWARE \Policies \Microsoft \Windows\AppInstaller:EnableExp erimentalFeatures,"Remediation:  
 
Disabled : 
Computer Configuration \Policies \Administrative Templates \Windows 
Components \Desktop App Installer \Enable App Installer Experimental Features  
Note:  This Group Policy path may not exist by default. It is provided by the Group Policy 
template DesktopAppInstaller.admx/adml  that is included with the Microsoft Windows 
11 Release 22H2 Administrative Templates v1.0 (or newer).  "
18.10.17.3,Blank,Enable App Installer Hash Override,0,Audit: Navigate to the UI Path articulated in the Remediation section and confirm it is set as prescribed. This group policy setting is backed by the following registry location: HKEY_LOCAL_MACHINE \SOFTWARE \Policies \Microsoft \Windows\AppInstaller:EnableHas hOverride,"Remediation:  
 
Disabled : 
Computer Configuration \Policies \Administrative Templates \Windows 
Components \Desktop App Installer \Enable App Installer Hash Override  
Note:  This Group Policy path may not exist by default. It is provided by the Group Policy 
template DesktopAppInstaller.admx/adml  that is included with the Microsoft Windows 
11 Release 22H2 Administrative Templates v1.0 (or newer).  "
18.10.17.4,Blank,Enable App Installer ms -appinstaller protocol,0,Audit: Navigate to the UI Path articulated in the Remediation section and confirm it is set as prescribed. This group policy setting is backed by the following registry location: HKEY_LOCAL_MACHINE \SOFTWARE \Policies \Microsoft \Windows\AppInstaller:EnableMSA ppInstallerProtocol,No rem
18.10.26.1.1,Blank,Application: Control Event Log behavior when the log file reaches its maximum size,0,No audit,No rem
18.10.26.1.2,Blank,Application: Specify the maximum log file size (KB),"Enabled: 32,768 or greater",No audit,No rem
18.10.26.2.1,Blank,Security: Control Event Log behavior when the log file reaches its maximum size,0,No audit,No rem
18.10.26.2.2,Blank,Security: Specify the maximum log file size (KB),"Enabled: 196,608 or greater",No audit,No rem
18.10.26.3.1,Blank,Setup: Control Event Log behavior when the log file reaches its maximum size,0,No audit,No rem
18.10.26.3.2,Blank,Setup: Specify the maximum log file size (KB),"Enabled: 32,768 or greater",No audit,No rem
18.10.26.4.1,Blank,System: Control Event Log behavior when the log file reaches its maximum size,0,No audit,No rem
18.10.26.4.2,Blank,System: Specify the maximum log file size (KB),"Enabled: 32,768 or greater",No audit,No rem
18.10.29.2,Blank,Turn off Data Execution Prevention for Explorer,0,Audit: Navigate to the UI Path articulated in the Remediation section and confirm it is set as prescribed. This group policy setting is backed by the following registry location: HKEY_LOCAL_MACHINE \SOFTWARE \Policies \Microsoft \Windows\Explorer:NoDataExecuti onPrevention,No rem
18.10.29.3,Blank,Turn off heap termination on corruption,0,Audit: Navigate to the UI Path articulated in the Remediation section and confirm it is set as prescribed. This group policy setting is backed by the following registry location: HKEY_LOCAL_MACHINE \SOFTWARE \Policies \Microsoft \Windows\Explorer:NoHeapTermina tionOnCorruption,"Remediation:  
 
Disabled : 
Computer Configuration \Policies \Administrative Templates \Windows 
Components \File Explorer \Turn off heap termination on corruption  
Note:  This Group Policy path is provided by the Group Policy template 
Explorer.admx/adml  that is included with all versions of the Microsoft Windows 
Administrative Templates.  "
18.10.29.4,Blank,Turn off shell protocol protected mode,0,Audit: Navigate to the UI Path articulated in the Remediation section and confirm it is set as prescribed. This group policy setting is backed by the following registry location: HKEY_LOCAL_MACHINE \SOFTWARE \Microsoft \Windows\CurrentVersion \Policies \Explore r:PreXPSP2ShellProtocolBehavior,No rem
18.10.42.1,Blank,Block all consumer Microsoft account user authentication,1,No audit,No rem
18.10.43.5.1,Blank,Configure local setting override for reporting to Microsoft MAPS,0,Audit: Navigate to the UI Path articulated in the Remediation section and confirm it is set as prescribed. This group policy setting is backed by the following registry location: HKEY_LOCAL_MACHINE \SOFTWARE \Policies \Microsoft \Windows Defender \Spynet:LocalSettingOverrideSpynetReporting,No rem
18.10.43.6.1.1,Blank,Configure Attack Surface Reduction rules,1,Audit: Navigate to the UI Path articulated in the Remediation section and confirm it is set as prescribed. This group policy setting is backed by the following registry location: HKEY_LOCAL_MACHINE \SOFTWARE \Policies \Microsoft \Windows Defender \Windows Defender Exploit Guard \ASR:ExploitGuard_ASR_Rules,"Remediation:  
 
Enabled : 
Computer Configuration \Policies \Administrative Templates \Windows 
Components \Microsoft Defender Antivirus \Microsoft Defender Exploit 
Guard\Attack Surface Reduction \Configure Attack Surface Reduction rules  
Note:  This Group Policy path may not exist by default. It is provided by the Group Policy 
template WindowsDefender.admx/adml  that is included with the Microsoft Windows 10 
Release 1709 Administrative Templates (or newer).  "
Not found,Blank,Not found,Not found,No audit,No rem
18.10.43.6.3.1,Blank,Prevent users and apps from accessing dangerous websites,Enabled: Block,Audit: Navigate to the UI Path articulated in the Remediation section and confirm it is set as prescribed. This group policy setting is backed by the following registry location: HKEY_LOCAL_MACHINE \SOFTWARE \Policies \Microsoft \Windows Defender \Windows Defender Exploit Guard \Network Protection:EnableNetworkProtection,"Remediation:  
 
Enabled: Block : 
Computer Configuration \Policies \Administrative Templates \Windows 
Components \Microsoft Defender Antivirus \Microsoft Defender Exploit 
Guard\Network Protection \Prevent users and apps from accessing dangerous 
websites  
Note:  This Group Policy path may not exist by default. It is provided by the Group Policy 
template WindowsDefender.admx/adml  that is included with the Microsoft Windows 10 
Release 1709 Administrative Templates (or newer).  "
18.10.43.10.1,Blank,Scan all downloaded files and attachments,1,Audit: Navigate to the UI Path articulated in the Remediation section and confirm it is set as prescribed. This group policy setting is backed by the following registry location: HKEY_LOCAL_MACHINE \SOFTWARE \Policies \Microsoft \Windows Defender \Real-Time Protection:DisableIOAVProtection,"Remediation:  
 
Enabled : 
Computer Configuration \Policies \Administrative Templates \Windows 
Components \Microsoft Defender Antivirus \Real-Time Protection \Scan all 
downloaded files and attachments  
Note:  This Group Policy path may not exist by default. It is provided by the Group Policy 
template WindowsDefender.admx/adml  that is included with the Microsoft Windows 8.1 & 
Server 2012 R2 Administrative Templates (or newer).  "
18.10.43.10.2,Blank,Turn off real -time protection,0,Audit: Navigate to the UI Path articulated in the Remediation section and confirm it is set as prescribed. This group policy setting is backed by the following registry location: HKEY_LOCAL_MACHINE \SOFTWARE \Policies \Microsoft \Windows Defender \Real-Time Protection:DisableRealtimeMonitoring,No rem
18.10.43.10.3,Blank,Turn on behavior monitoring,1,Audit: Navigate to the UI Path articulated in the Remediation section and confirm it is set as prescribed. This group policy setting is backed by the following registry location: HKEY_LOCAL_MACHINE \SOFTWARE \Policies \Microsoft \Windows Defender \Real-Time Protection:DisableBehaviorMonitoring,"Remediation:  
 
Enabled : 
Computer Configuration \Policies \Administrative Templates \Windows 
Components \Microsoft Defender Antivirus \Real-Time Protection \Turn on behavior 
monitoring  
Note:  This Group Policy path may not exist by default. It is provided by the Group Policy 
template WindowsDefender.admx/adml  that is included with the Microsoft Windows 8.1 & 
Server 2012 R2 Administrative Templates (or newer).  "
18.10.43.10.4,Blank,Turn on script scanning,1,Audit: Navigate to the UI Path articulated in the Remediation section and confirm it is set as prescribed. This group policy setting is backed by the following registry location: HKEY_LOCAL_MACHINE \SOFTWARE \Policies \Microsoft \Windows Defender \Real-Time Protection:DisableScriptScanning,"Remediation:  
 
Enabled : 
Computer Configuration \Policies \Administrative Templates \Windows 
Components \Microsoft Defender Antivirus \Real-Time Protection \Turn on script 
scanning  
Note:  This Group Policy path may not exist by default. It is provided by the Group Policy 
template WindowsDefender.admx/adml  that is included with the Microsoft Windows 11 
Release 21H2 Administrative Templates (or newer).  "
18.10.43.13.1,Blank,Scan removable drives,1,Audit: Navigate to the UI Path articulated in the Remediation section and confirm it is set as prescribed. This group policy setting is backed by the following registry location: HKEY_LOCAL_MACHINE \SOFTWARE \Policies \Microsoft \Windows Defender \Scan:DisableRemovableDriveScanning,"Remediation:  
 
Enabled : 
Computer Configuration \Policies \Administrative Templates \Windows 
Components \Microsoft Defender Antivirus \Scan\Scan removable drives  
Note:  This Group Policy path may not exist by default. It is provided by the Group Policy 
template WindowsDefender.admx/adml  that is included with the Microsoft Windows 8.1 & 
Server 2012 R2 Administrative Templates (or newer).  "
18.10.43.13.2,Blank,Turn on e -mail scanning,1,Audit: Navigate to the UI Path articulated in the Remediation section and confirm it is set as prescribed. This group policy setting is backed by the following registry location: HKEY_LOCAL_MACHINE \SOFTWARE \Policies \Microsoft \Windows Defender \Scan:DisableEmailScanning,"Remediation:  
 
Enabled : 
Computer Configuration \Policies \Administrative Templates \Windows 
Components \Microsoft Defender Antivirus \Scan\Turn on e -mail scanning  
Note:  This Group Policy path may not exist by default. It is provided by the Group Policy 
template WindowsDefender.admx/adml  that is included with the Microsoft Windows 8.1 & 
Server 2012 R2 Administrative Templates (or newer).  "
18.10.43.16,Blank,Configure detection for potentially unwanted applications,Enabled: Block,Audit: Navigate to the UI Path articulated in the Remediation section and confirm it is set as prescribed. This group policy setting is backed by the following registry location: HKEY_LOCAL_MACHINE \SOFTWARE \Policies \Microsoft \Windows Defender:PUAProtection,No rem
18.10.43.17,Blank,Turn off Microsoft Defender AntiVirus,0,No audit,No rem
18.10.51.1,Blank,Prevent the usage of OneDrive for file storage,1,No audit,No rem
18.10.57.2.2,Blank,Do not allow passwords to be saved,1,Audit: Navigate to the UI Path articulated in the Remediation section and confirm it is set as prescribed. This group policy setting is backed by the following registry location: HKEY_LOCAL_MACHINE \SOFTWARE \Policies \Microsoft \Windows NT \Terminal Services:DisablePasswordSaving,No rem
18.10.57.3.3.2,Blank,Do not allow drive redirection,1,No audit,No rem
18.10.57.3.9.1,Blank,Always prompt for password upon connection,1,No audit,No rem
18.10.57.3.9.2,Blank,Require secure RPC communication,1,Audit: Navigate to the UI Path articulated in the Remediation section and confirm it is set as prescribed. This group policy setting is backed by the following registry location: HKEY_LOCAL_MACHINE \SOFTWARE \Policies \Microsoft \Windows NT \Terminal Services:fEncryptRPCTraffic,No rem
18.10.57.3.9.3,Blank,Require use of specific security layer for remote (RDP) connections,Enabled: SSL,No audit,No rem
18.10.57.3.9.4,Blank,Require user authentication for remote connections by using Network Level Authentication,1,No audit,No rem
18.10.57.3.9.5,Blank,Set client connection encryption level,Enabled: High Level,Audit: Navigate to the UI Path articulated in the Remediation section and confirm it is set as prescribed. This group policy setting is backed by the following registry location: HKEY_LOCAL_MACHINE \SOFTWARE \Policies \Microsoft \Windows NT \Terminal Services:MinEncryptionLevel,No rem
18.10.57.3.11.1,Blank,Do not delete temp folders upon exit,0,Audit: Navigate to the UI Path articulated in the Remediation section and confirm it is set as prescribed. This group policy setting is backed by the following registry location: HKEY_LOCAL_MACHINE \SOFTWARE \Policies \Microsoft \Windows NT \Terminal Services:DeleteTempDirsOnExit,No rem
18.10.57.3.11.2,Blank,Do not use temporary folders per session,0,Audit: Navigate to the UI Path articulated in the Remediation section and confirm it is set as prescribed. This group policy setting is backed by the following registry location: HKEY_LOCAL_MACHINE \SOFTWARE \Policies \Microsoft \Windows NT \Terminal Services:PerSessionTempDir,No rem
18.10.58.1,Blank,Prevent downloading of enclosures,1,Audit: Navigate to the UI Path articulated in the Remediation section and confirm it is set as prescribed. This group policy setting is backed by the following registry location: HKEY_LOCAL_MACHINE \SOFTWARE \Policies \Microsoft \Internet Explorer \Feeds:DisableEnclosureDownload,No rem
18.10.59.3,Blank,Allow indexing of encrypted files,0,Audit: Navigate to the UI Path articulated in the Remediation section and confirm it is set as prescribed. This group policy setting is backed by the following registry location: HKEY_LOCAL_MACHINE \SOFTWARE \Policies \Microsoft \Windows\Windows Search:AllowIndexingEncryptedStoresOrItems,"Remediation:  
 
Disabled : 
Computer Configuration \Policies \Administrative Templates \Windows 
Components \Search\Allow indexing of encrypted files  
Note:  This Group Policy path is provided by the Group Policy template 
Search.admx/adml  that is included with all versions of the Microsoft Windows 
Administrative Templates.  "
18.10.76.2.1,Blank,Configure Windows Defender SmartScreen,Enabled: Warn and prevent bypass,No audit,No rem
18.10.80.2,Blank,Allow Windows Ink Workspace,"Enabled: On, but disallow access above lock",Audit: Navigate to the UI Path articulated in the Remediation section and confirm it is set as prescribed. This group policy setting is backed by the following registry location: HKEY_LOCAL_MACHINE \SOFTWARE \Policies \Microsoft \WindowsInkWorkspace:AllowWindo wsInkWorkspace,"Remediation:  
 
Enabled: On, but disallow access above lock  OR Enabled: Disabled : 
Computer Configuration \Policies \Administrative Templates \Windows 
Components \Windows Ink Workspace \Allow Windows Ink Workspace  
Note:  This Group Policy path may not exist by default. It is provided by the Group Policy 
template WindowsInkWorkspace.admx/adml  that is included with the Microsoft Windows 
10 Release 1607 & Server 2016 Administrative Templates (or newer).  "
18.10.81.1,Blank,Allow user control over installs,0,No audit,No rem
18.10.81.2,Blank,Always install with elevated privileges,0,No audit,No rem
18.10.82.1,Blank,Sign -in and lock last interactive user automatically after a restart,0,Audit: Navigate to the UI Path articulated in the Remediation section and confirm it is set as prescribed. This group policy setting is backed by the following registry location: HKEY_LOCAL_MACHINE \SOFTWARE \Microsoft \Windows\CurrentVersion \Policies \System: DisableAutomaticRestartSignOn,No rem
18.10.87.1,Blank,Turn on PowerShell Script Block Logging,1,No audit,No rem
18.10.87.2,Blank,Turn on PowerShell Transcription,1,No audit,No rem
18.10.89.1.1,Blank,Allow Basic authentication,0,Audit: Navigate to the UI Path articulated in the Remediation section and confirm it is set as prescribed. This group policy setting is backed by the following registry location: HKEY_LOCAL_MACHINE \SOFTWARE \Policies \Microsoft \Windows\WinRM\Client:AllowBasi c,"Remediation:  
 
Disabled : 
Computer Configuration \Policies \Administrative Templates \Windows 
Components \Windows Remote Management (WinRM) \WinRM Client \Allow Basic 
authentication  
Note:  This Group Policy path is provided by the Group Policy template 
WindowsRemoteManagement.admx/adml  that is included with all versions of the Microsoft 
Windows Administrative Templates.  "
18.10.89.1.2,Blank,Allow unencrypted traffic,0,Audit: Navigate to the UI Path articulated in the Remediation section and confirm it is set as prescribed. This group policy setting is backed by the following registry location: HKEY_LOCAL_MACHINE \SOFTWARE \Policies \Microsoft \Windows\WinRM\Client:AllowUnen cryptedTraffic,"Remediation:  
 
Disabled : 
Computer Configuration \Policies \Administrative Templates \Windows 
Components \Windows Remote Management (WinRM) \WinRM Client \Allow unencrypted 
traffic 
Note:  This Group Policy path is provided by the Group Policy template 
WindowsRemoteManagement.admx/adml  that is included with all versions of the Microsoft 
Windows Administrative Templates.  "
18.10.89.1.3,Blank,Disallow Digest authentication,1,Audit: Navigate to the UI Path articulated in the Remediation section and confirm it is set as prescribed. This group policy setting is backed by the following registry location: HKEY_LOCAL_MACHINE \SOFTWARE \Policies \Microsoft \Windows\WinRM\Client:AllowDige st,"Remediation:  
 
Enabled : 
Computer Configuration \Policies \Administrative Templates \Windows 
Components \Windows Remote Management (WinRM) \WinRM Client \Disallow Digest 
authentication  
Note:  This Group Policy path is provided by the Group Policy template 
WindowsRemoteManagement.admx/adml  that is included with all versions of the Microsoft 
Windows Administrative Templates.  "
18.10.89.2.1,Blank,Allow Basic authentication,0,Audit: Navigate to the UI Path articulated in the Remediation section and confirm it is set as prescribed. This group policy setting is backed by the following registry location: HKEY_LOCAL_MACHINE \SOFTWARE \Policies \Microsoft \Windows\WinRM\Service:AllowBas ic,"Remediation:  
 
Disabled : 
Computer Configuration \Policies \Administrative Templates \Windows 
Components \Windows Remote Management (WinRM) \WinRM Service \Allow Basic 
authentication  
Note:  This Group Policy path is provided by the Group Policy template 
WindowsRemoteManagement.admx/adml  that is included with all versions of the Microsoft 
Windows Administrative Templates.  "
18.10.89.2.3,Blank,Allow unencrypted traffic,0,Audit: Navigate to the UI Path articulated in the Remediation section and confirm it is set as prescribed. This group policy setting is backed by the following registry location: HKEY_LOCAL_MACHINE \SOFTWARE \Policies \Microsoft \Windows\WinRM\Service:AllowUne ncryptedTraffic,"Remediation:  
 
Disabled : 
Computer Configuration \Policies \Administrative Templates \Windows 
Components \Windows Remote Management (WinRM) \WinRM Service \Allow unencrypted 
traffic 
Note:  This Group Policy path is provided by the Group Policy template 
WindowsRemoteManagement.admx/adml  that is included with all versions of the Microsoft 
Windows Administrative Templates.  "
18.10.89.2.4,Blank,Disallow WinRM from storing RunAs credentials,1,No audit,No rem
18.10.92.2.1,Blank,Prevent users from modifying settings,1,Audit: Navigate to the UI Path articulated in the Remediation section and confirm it is set as prescribed. This group policy setting is backed by the following registry location: HKEY_LOCAL_MACHINE \SOFTWARE \Policies \Microsoft \Windows Defender Security Center\App and Browser protection:DisallowExploitProtectionOverride,"Remediation:  
 
Enabled : 
Computer Configuration \Policies \Administrative Templates \Windows 
Components \Windows Security \App and browser protection \Prevent users from 
modifying settings  
Note:  This Group Policy path may not exist by default. It is provided by the Group Policy 
template WindowsDefenderSecurityCenter.admx/adml  that is included with the Microsoft 
Windows 10 Release 1709 Administrative Templates (or newer).  "
18.10.93.1.1,Blank,No auto -restart with logged on users for scheduled automatic updates installations,0,No audit,No rem
18.10.93.2.1,Blank,Configure Automatic Updates,1,No audit,No rem
18.10.93.2.2,Blank,Configure Automatic Updates: Scheduled install day,0 - Every day,No audit,No rem
18.10.93.4.1,Blank,Manage preview builds,0,No audit,No rem
18.10.93.4.2,Blank,Select when Preview Builds and Feature Updates are received,Enabled: 180 or more days,No audit,No rem
18.10.93.4.3,Blank,Select when Quality Updates are received,Enabled: 0 days,No audit,No rem
19.1.3.1,Blank,Enable screen saver,1,Audit: Navigate to the UI Path articulated in the Remediation section and confirm it is set as prescribed. This group policy setting is backed by the following registry location: HKEY_USERS \[USER SID] \Software \Policies \Microsoft \Windows\Control Panel\Desktop:ScreenSaveActive,"Remediation:  
 
Enabled : 
User Configuration \Policies \Administrative Templates \Control 
Panel\Personalization \Enable screen saver  
Note:  This Group Policy path may not exist by default. It is provided by the Group Policy 
template ControlPanelDisplay.admx/adml  that is included with the Microsoft Windows 7 
& Server 2008 R2 Administrative Templates (or newer).  "
19.5.1.1,Blank,Turn off toast notifications on the lock screen,1,Audit: Navigate to the UI Path articulated in the Remediation section and confirm it is set as prescribed. This group policy setting is backed by the following registry location: HKEY_USERS \[USER SID]\Software \Policies \Microsoft \Windows\CurrentVersion \PushNotifications:NoT oastApplicationNotificationOnLockScreen,"Remediation:  
 
Enabled : 
User Configuration \Policies \Administrative Templates \Start Menu and 
Taskbar\Notifications \Turn off toast notifications on the lock screen  
Note:  This Group Policy path may not exist by default. It is provided by the Group Policy 
template WPN.admx/adml  that is included with the Microsoft Windows 8.0 & Server 2012 
(non-R2) Administrative Templates (or newer).  "
19.7.5.1,Blank,Do not preserve zone information in file attachments,0,No audit,No rem
19.7.5.2,Blank,Notify antivirus programs when opening attachments,1,Audit: Navigate to the UI Path articulated in the Remediation section and confirm it is set as prescribed. This group policy setting is backed by the following registry location: HKEY_USERS \[USER SID]\Software \Microsoft \Windows\CurrentVersion \Policies \Attachments:ScanWithA ntiVirus,No rem
19.7.8.1,Blank,Configure Windows spotlight on lock screen,0,Audit: Navigate to the UI Path articulated in the Remediation section and confirm it is set as prescribed. This group policy setting is backed by the following registry location: HKEY_USERS \[USER SID]\Software \Policies \Microsoft \Windows\CloudContent:ConfigureWindowsSpotlig ht,No rem
19.7.8.2,Blank,Do not suggest third -party content in Windows spotlight,1,Audit: Navigate to the UI Path articulated in the Remediation section and confirm it is set as prescribed. This group policy setting is backed by the following registry location: HKEY_USERS \[USER SID]\Software \Policies \Microsoft \Windows\CloudContent:DisableThirdPartySugges tions,No rem
19.7.8.5,Blank,Turn off Spotlight collection on Desktop,1,Audit: Navigate to the UI Path articulated in the Remediation section and confirm it is set as prescribed. This group policy setting is backed by the following registry location: HKEY_USERS \[USER SID]\SOFTWARE \Policies \Microsoft \Windows\CloudContent:DisableSpotlightCollect ionOnDesktop,No rem
19.7.26.1,Blank,Prevent users from sharing files within their profile.,1,Audit: Navigate to the UI Path articulated in the Remediation section and confirm it is set as prescribed. This group policy setting is backed by the following registry location: HKEY_USERS \[USER SID]\Software \Microsoft \Windows\CurrentVersion \Policies \Explorer:NoInplaceSha ring,No rem
19.7.42.1,Blank,Always install with elevated privileges,0,No audit,No rem
5.1,System Services,Print Spooler (Spooler),0,No audit,No rem
1.1,Account Policies,Do not delete temp folders upon exit,0,No audit,No rem
